{
  "run": [
    {
      "filePath": "/ZDS_CREATE_UPDATE_PRICE_new/webapp/index.html",
      "previewMode": 1,
      "dataMode": 1,
      "workspace": "withoutWorkspace",
      "ui5ActiveVersion": null,
      "ui5VerSource": null,
      "isDefaultVersion": 0,
      "urlParameters": [],
      "hashParameter": "",
      "backendSystem": [],
      "_metadata": {
        "runnerId": "webapprunner",
        "id": 8465486,
        "displayName": "Run index.html",
        "lastRunTimeStamp": 1610536425359
      }
    }
  ]
}