{
  "welcomeFile": "/webapp/index.html",
  "routes": [
    {
      "path": "/resources",
      "target": {
        "type": "service",
        "name": "sapui5",
        "entryPath": "/resources",
        "version": "1.70.1"
      },
      "description": "SAPUI5 Resources"
    },
    {
      "path": "/test-resources",
      "target": {
        "type": "service",
        "name": "sapui5",
        "entryPath": "/test-resources",
        "version": "1.70.1"
      },
      "description": "SAPUI5 Resources"
    },
    {
      "path": "/webapp/resources",
      "target": {
        "type": "service",
        "name": "sapui5",
        "entryPath": "/resources",
        "version": "1.70.1"
      },
      "description": "SAPUI5 Resources"
    },
    {
      "path": "/webapp/test-resources",
      "target": {
        "type": "service",
        "name": "sapui5",
        "entryPath": "/test-resources",
        "version": "1.70.1"
      },
      "description": "SAPUI5 Test Resources"
    },
   {
      "path": "/sap/bc/ui5_ui5",
      "target": {
        "type": "destination",
        "name": "GD4Connect_SSO",
        "entryPath": "/sap/bc/ui5_ui5"
      },
      "description": "GD4Connect_SSO"
    }
  ],
  "sendWelcomeFileRedirect": true
}